OrderID,Customer,Product,OrderDate,Quantity,UnitPrice,TotalPrice
1,Customer A,Product 4,2024-01-01 00:00:00.000000000,5,88.77100830464404,443.8550415232202
2,Customer C,Product 2,2024-01-01 17:33:18.396793587,3,80.93660365213795,242.80981095641386
3,Customer C,Product 4,2024-01-02 11:06:36.793587174,7,59.00742431412181,413.0519701988527
4,Customer A,Product 1,2024-01-03 04:39:55.190380761,3,16.48537716420125,49.456131492603745
5,Customer B,Product 3,2024-01-03 22:13:13.587174348,6,30.745196132024724,184.47117679214836
6,Customer C,Product 3,2024-01-04 15:46:31.983967935,4,14.09491397844529,56.37965591378116
7,Customer A,Product 1,2024-01-05 09:19:50.380761523,4,55.31383067164648,221.2553226865859
8,Customer B,Product 2,2024-01-06 02:53:08.777555110,7,17.643033159364496,123.50123211555147
9,Customer B,Product 1,2024-01-06 20:26:27.174348697,2,55.62646880130946,111.25293760261891
10,Customer A,Product 2,2024-01-07 13:59:45.571142284,1,35.71834606869758,35.71834606869758
11,Customer A,Product 1,2024-01-08 07:33:03.967935871,1,30.81829493944366,30.81829493944366
12,Customer C,Product 2,2024-01-09 01:06:22.364729458,7,48.29615329874729,338.07307309123104
13,Customer D,Product 1,2024-01-09 18:39:40.761523046,3,28.06279459090069,84.18838377270207
14,Customer C,Product 1,2024-01-10 12:12:59.158316633,8,62.452200872311174,499.6176069784894
15,Customer D,Product 1,2024-01-11 05:46:17.555110220,2,53.49883331872591,106.99766663745181
16,Customer C,Product 2,2024-01-11 23:19:35.951903807,8,18.140042255888225,145.1203380471058
17,Customer B,Product 2,2024-01-12 16:52:54.348697394,2,52.37856640661011,104.75713281322022
18,Customer C,Product 2,2024-01-13 10:26:12.745490981,7,54.94237171477119,384.59660200339835
19,Customer B,Product 1,2024-01-14 03:59:31.142284569,6,74.44724216394195,446.6834529836517
20,Customer C,Product 2,2024-01-14 21:32:49.539078156,9,44.05221912043537,396.4699720839183
21,Customer C,Product 1,2024-01-15 15:06:07.935871743,4,99.63137968759344,398.52551875037375
22,Customer A,Product 1,2024-01-16 08:39:26.332665330,8,13.238282280840561,105.90625824672449
23,Customer B,Product 1,2024-01-17 02:12:44.729458917,9,13.471076977966607,121.23969280169946
24,Customer C,Product 3,2024-01-17 19:46:03.126252505,6,24.320019027938343,145.92011416763006
25,Customer A,Product 4,2024-01-18 13:19:21.523046092,5,28.07493581611343,140.37467908056715
26,Customer C,Product 2,2024-01-19 06:52:39.919839679,3,46.00356349515845,138.01069048547535
27,Customer B,Product 3,2024-01-20 00:25:58.316633266,8,45.78963175800115,366.3170540640092
28,Customer C,Product 2,2024-01-20 17:59:16.713426853,8,29.275997383326263,234.2079790666101
29,Customer C,Product 4,2024-01-21 11:32:35.110220440,4,83.46076357122708,333.8430542849083
30,Customer A,Product 3,2024-01-22 05:05:53.507014028,9,29.56590979747075,266.09318817723675
31,Customer C,Product 3,2024-01-22 22:39:11.903807615,7,15.058752110049193,105.41126477034435
32,Customer D,Product 1,2024-01-23 16:12:30.300601202,5,85.71208820605996,428.5604410302998
33,Customer D,Product 1,2024-01-24 09:45:48.697394789,4,52.09010775943018,208.36043103772073
34,Customer C,Product 2,2024-01-25 03:19:07.094188376,2,21.450652270250565,42.90130454050113
35,Customer B,Product 4,2024-01-25 20:52:25.490981963,4,41.227240242151964,164.90896096860786
36,Customer B,Product 4,2024-01-26 14:25:43.887775551,1,77.82551713947228,77.82551713947228
37,Customer B,Product 1,2024-01-27 07:59:02.284569138,7,10.358885004912592,72.51219503438814
38,Customer D,Product 1,2024-01-28 01:32:20.681362725,1,95.17762504746746,95.17762504746746
39,Customer B,Product 3,2024-01-28 19:05:39.078156312,9,30.191160900952102,271.7204481085689
40,Customer C,Product 1,2024-01-29 12:38:57.474949899,1,15.761524280172278,15.761524280172278
41,Customer C,Product 4,2024-01-30 06:12:15.871743487,2,34.997832290318016,69.99566458063603
42,Customer A,Product 2,2024-01-30 23:45:34.268537074,4,84.38539853577147,337.5415941430859
43,Customer B,Product 1,2024-01-31 17:18:52.665330661,8,55.88249160466595,447.0599328373276
44,Customer C,Product 2,2024-02-01 10:52:11.062124248,6,66.00283633027972,396.01701798167835
45,Customer C,Product 3,2024-02-02 04:25:29.458917835,7,16.81405911166,117.69841378162
46,Customer C,Product 3,2024-02-02 21:58:47.855711422,2,52.7587770164396,105.5175540328792
47,Customer D,Product 4,2024-02-03 15:32:06.252505010,4,61.09305267388822,244.37221069555287
48,Customer A,Product 2,2024-02-04 09:05:24.649298597,7,41.73197620257855,292.12383341804986
49,Customer A,Product 1,2024-02-05 02:38:43.046092184,1,31.64033510201105,31.64033510201105
50,Customer D,Product 3,2024-02-05 20:12:01.442885771,4,21.28096671920953,85.12386687683812
51,Customer A,Product 1,2024-02-06 13:45:19.839679358,9,70.80988387229482,637.2889548506533
52,Customer C,Product 2,2024-02-07 07:18:38.236472946,3,30.693634229667147,92.08090268900145
53,Customer A,Product 4,2024-02-08 00:51:56.633266533,3,39.39683920698825,118.19051762096474
54,Customer C,Product 4,2024-02-08 18:25:15.030060120,9,83.07805973524972,747.7025376172476
55,Customer A,Product 2,2024-02-09 11:58:33.426853707,9,75.6828049142654,681.1452442283886
56,Customer D,Product 4,2024-02-10 05:31:51.823647294,4,14.43282333615915,57.7312933446366
57,Customer C,Product 4,2024-02-10 23:05:10.220440881,4,11.440472000621229,45.761888002484916
58,Customer B,Product 2,2024-02-11 16:38:28.617234469,3,73.31985586890488,219.95956760671464
59,Customer A,Product 3,2024-02-12 10:11:47.014028056,6,73.67030303508795,442.0218182105277
60,Customer B,Product 3,2024-02-13 03:45:05.410821643,7,48.893759546441764,342.25631682509237
61,Customer C,Product 1,2024-02-13 21:18:23.807615230,7,58.614437062316085,410.3010594362126
62,Customer C,Product 1,2024-02-14 14:51:42.204408817,5,77.57150175133845,387.85750875669225
63,Customer B,Product 4,2024-02-15 08:25:00.601202404,5,51.91017063749816,259.5508531874908
64,Customer D,Product 1,2024-02-16 01:58:18.997995992,8,89.8943822506605,719.155058005284
65,Customer D,Product 2,2024-02-16 19:31:37.394789579,8,66.16667184647842,529.3333747718274
66,Customer C,Product 4,2024-02-17 13:04:55.791583166,2,69.45376858495345,138.9075371699069
67,Customer B,Product 4,2024-02-18 06:38:14.188376753,2,42.81561516833266,85.63123033666533
68,Customer D,Product 4,2024-02-19 00:11:32.585170340,1,40.51168923602313,40.51168923602313
69,Customer C,Product 3,2024-02-19 17:44:50.981963927,1,32.88082903770021,32.88082903770021
70,Customer B,Product 3,2024-02-20 11:18:09.378757515,5,31.424229987345655,157.12114993672827
71,Customer C,Product 1,2024-02-21 04:51:27.775551102,1,41.92300056179831,41.92300056179831
72,Customer D,Product 2,2024-02-21 22:24:46.172344689,7,29.448805980931766,206.14164186652238
73,Customer A,Product 2,2024-02-22 15:58:04.569138276,5,85.71419001424427,428.5709500712213
74,Customer C,Product 2,2024-02-23 09:31:22.965931864,3,81.57293566866676,244.71880700600028
75,Customer C,Product 4,2024-02-24 03:04:41.362725451,7,54.17587538086454,379.23112766605175
76,Customer A,Product 1,2024-02-24 20:37:59.759519038,5,40.736908650817576,203.68454325408788
77,Customer C,Product 4,2024-02-25 14:11:18.156312625,3,25.969140059732602,77.9074201791978
78,Customer A,Product 3,2024-02-26 07:44:36.553106212,9,13.984771247528244,125.86294122775419
79,Customer C,Product 1,2024-02-27 01:17:54.949899799,7,84.42171455677716,590.9520018974401
80,Customer A,Product 3,2024-02-27 18:51:13.346693387,7,80.79727936803836,565.5809555762685
81,Customer C,Product 3,2024-02-28 12:24:31.743486974,1,16.01892813031639,16.01892813031639
82,Customer C,Product 4,2024-02-29 05:57:50.140280561,4,20.540207891839337,82.16083156735735
83,Customer D,Product 3,2024-02-29 23:31:08.537074148,8,52.70195600917493,421.6156480733994
84,Customer B,Product 2,2024-03-01 17:04:26.933867735,2,36.68563544913482,73.37127089826964
85,Customer A,Product 4,2024-03-02 10:37:45.330661322,6,90.44859899036304,542.6915939421782
86,Customer A,Product 2,2024-03-03 04:11:03.727454910,4,45.26813037319157,181.07252149276627
87,Customer A,Product 1,2024-03-03 21:44:22.124248497,4,18.58711835983999,74.34847343935996
88,Customer C,Product 1,2024-03-04 15:17:40.521042084,1,78.98305536511283,78.98305536511283
89,Customer A,Product 1,2024-03-05 08:50:58.917835671,4,62.14523401164749,248.58093604658995
90,Customer B,Product 2,2024-03-06 02:24:17.314629258,8,72.70160651705812,581.612852136465
91,Customer D,Product 1,2024-03-06 19:57:35.711422845,7,43.80185867586207,306.6130107310345
92,Customer D,Product 1,2024-03-07 13:30:54.108216433,3,40.157107032872766,120.47132109861829
93,Customer A,Product 1,2024-03-08 07:04:12.505010020,5,19.48612188491023,97.43060942455115
94,Customer D,Product 4,2024-03-09 00:37:30.901803607,5,91.85130325779684,459.25651628898424
95,Customer C,Product 4,2024-03-09 18:10:49.298597194,2,66.25987397797022,132.51974795594043
96,Customer B,Product 2,2024-03-10 11:44:07.695390781,2,26.71249772366159,53.42499544732318
97,Customer C,Product 2,2024-03-11 05:17:26.092184368,6,54.6160686240508,327.6964117443048
98,Customer C,Product 4,2024-03-11 22:50:44.488977956,7,79.5929504673233,557.1506532712631
99,Customer B,Product 4,2024-03-12 16:24:02.885771543,4,12.696260437580499,50.785041750321994
100,Customer A,Product 3,2024-03-13 09:57:21.282565130,9,95.54204089541581,859.8783680587422
101,Customer C,Product 2,2024-03-14 03:30:39.679358717,6,22.350484655053513,134.10290793032107
102,Customer C,Product 3,2024-03-14 21:03:58.076152304,2,10.14512198599158,20.29024397198316
103,Customer B,Product 2,2024-03-15 14:37:16.472945892,3,33.74116412569295,101.22349237707884
104,Customer C,Product 2,2024-03-16 08:10:34.869739479,7,56.66657553621234,396.6660287534864
105,Customer B,Product 2,2024-03-17 01:43:53.266533066,7,67.21376454455398,470.49635181187784
106,Customer C,Product 2,2024-03-17 19:17:11.663326653,8,52.968619077845645,423.74895262276516
107,Customer D,Product 4,2024-03-18 12:50:30.060120240,1,79.61809655098645,79.61809655098645
108,Customer D,Product 4,2024-03-19 06:23:48.456913827,4,20.791345045272266,83.16538018108906
109,Customer A,Product 3,2024-03-19 23:57:06.853707415,6,35.64432423555688,213.86594541334128
110,Customer B,Product 1,2024-03-20 17:30:25.250501002,5,38.59155390463845,192.95776952319227
111,Customer C,Product 2,2024-03-21 11:03:43.647294589,6,85.05242648736564,510.3145589241938
112,Customer D,Product 2,2024-03-22 04:37:02.044088176,1,92.26213224143181,92.26213224143181
113,Customer C,Product 1,2024-03-22 22:10:20.440881763,1,64.64720711311841,64.64720711311841
114,Customer C,Product 4,2024-03-23 15:43:38.837675350,4,80.06518911716624,320.26075646866497
115,Customer B,Product 2,2024-03-24 09:16:57.234468938,6,41.203972070396645,247.22383242237987
116,Customer A,Product 1,2024-03-25 02:50:15.631262525,4,95.68221238735569,382.72884954942276
117,Customer B,Product 1,2024-03-25 20:23:34.028056112,1,83.55086102182102,83.55086102182102
118,Customer C,Product 2,2024-03-26 13:56:52.424849699,1,79.55700454480925,79.55700454480925
119,Customer B,Product 1,2024-03-27 07:30:10.821643286,7,21.757017638997844,152.29912347298492
120,Customer D,Product 4,2024-03-28 01:03:29.218436873,5,73.65017867829235,368.2508933914618
121,Customer D,Product 4,2024-03-28 18:36:47.615230461,7,53.809601633581046,376.6672114350673
122,Customer B,Product 2,2024-03-29 12:10:06.012024048,1,62.04819503980917,62.04819503980917
123,Customer A,Product 2,2024-03-30 05:43:24.408817635,7,25.093843931181734,175.65690751827213
124,Customer D,Product 2,2024-03-30 23:16:42.805611222,3,64.73897100893873,194.2169130268162
125,Customer A,Product 2,2024-03-31 16:50:01.202404809,7,19.781660196299185,138.4716213740943
126,Customer B,Product 4,2024-04-01 10:23:19.599198396,5,41.37095477440164,206.8547738720082
127,Customer D,Product 4,2024-04-02 03:56:37.995991984,8,13.434324521919661,107.47459617535729
128,Customer C,Product 1,2024-04-02 21:29:56.392785571,6,16.311946261734835,97.87167757040902
129,Customer D,Product 1,2024-04-03 15:03:14.789579158,5,56.44454592406847,282.22272962034236
130,Customer D,Product 2,2024-04-04 08:36:33.186372745,3,18.560322740712,55.680968222136
131,Customer B,Product 1,2024-04-05 02:09:51.583166332,3,29.54883837749803,88.64651513249409
132,Customer C,Product 4,2024-04-05 19:43:09.979959920,9,36.00702634990408,324.06323714913674
133,Customer A,Product 2,2024-04-06 13:16:28.376753507,8,22.101733856641843,176.81387085313474
134,Customer A,Product 4,2024-04-07 06:49:46.773547094,1,80.40897612507518,80.40897612507518
135,Customer A,Product 4,2024-04-08 00:23:05.170340681,5,49.29837409627221,246.49187048136105
136,Customer C,Product 1,2024-04-08 17:56:23.567134268,9,86.7268556413256,780.5417007719304
137,Customer A,Product 1,2024-04-09 11:29:41.963927855,7,66.80947431006972,467.666320170488
138,Customer B,Product 3,2024-04-10 05:03:00.360721443,1,59.132161715459695,59.132161715459695
139,Customer B,Product 3,2024-04-10 22:36:18.757515030,7,66.89259727459378,468.2481809221565
140,Customer B,Product 2,2024-04-11 16:09:37.154308617,2,26.878396258186683,53.756792516373366
141,Customer A,Product 1,2024-04-12 09:42:55.551102204,4,96.22622896300471,384.90491585201886
142,Customer A,Product 1,2024-04-13 03:16:13.947895791,2,20.248224370282273,40.496448740564546
143,Customer A,Product 2,2024-04-13 20:49:32.344689378,3,49.83881902607358,149.51645707822075
144,Customer C,Product 4,2024-04-14 14:22:50.741482966,5,97.96653569685871,489.8326784842936
145,Customer D,Product 2,2024-04-15 07:56:09.138276552,8,92.49796784690969,739.9837427752775
146,Customer C,Product 1,2024-04-16 01:29:27.535070140,8,86.72556439843068,693.8045151874454
147,Customer A,Product 4,2024-04-16 19:02:45.931863728,3,79.31600094856726,237.9480028457018
148,Customer B,Product 1,2024-04-17 12:36:04.328657314,1,61.908457891328275,61.908457891328275
149,Customer C,Product 2,2024-04-18 06:09:22.725450902,6,79.1020604565442,474.61236273926517
150,Customer A,Product 4,2024-04-18 23:42:41.122244488,8,18.354783060325794,146.83826448260635
151,Customer B,Product 1,2024-04-19 17:15:59.519038076,9,89.02107638870395,801.1896874983355
152,Customer C,Product 3,2024-04-20 10:49:17.915831662,8,68.72113917649475,549.769113411958
153,Customer D,Product 3,2024-04-21 04:22:36.312625250,5,10.760025340622164,53.80012670311082
154,Customer C,Product 4,2024-04-21 21:55:54.709418838,8,88.12001859348985,704.9601487479188
155,Customer D,Product 1,2024-04-22 15:29:13.106212424,4,97.0667023751324,388.2668095005296
156,Customer A,Product 1,2024-04-23 09:02:31.503006012,8,96.36052876053805,770.8842300843044
157,Customer B,Product 3,2024-04-24 02:35:49.899799598,8,54.7815485612865,438.252388490292
158,Customer A,Product 4,2024-04-24 20:09:08.296593186,6,18.90105055921909,113.40630335531455
159,Customer D,Product 4,2024-04-25 13:42:26.693386774,5,62.925414596178506,314.62707298089254
160,Customer C,Product 1,2024-04-26 07:15:45.090180360,4,26.25204440253944,105.00817761015776
161,Customer A,Product 1,2024-04-27 00:49:03.486973948,7,89.65628733760526,627.5940113632369
162,Customer C,Product 4,2024-04-27 18:22:21.883767534,5,29.414167259251055,147.07083629625527
163,Customer C,Product 2,2024-04-28 11:55:40.280561122,3,99.42613106602747,298.2783931980824
164,Customer B,Product 1,2024-04-29 05:28:58.677354710,4,71.64380999058051,286.57523996232203
165,Customer B,Product 4,2024-04-29 23:02:17.074148296,1,12.182720568294119,12.182720568294119
166,Customer C,Product 1,2024-04-30 16:35:35.470941884,5,35.014868070614014,175.07434035307006
167,Customer A,Product 3,2024-05-01 10:08:53.867735470,8,17.11402289528361,136.9121831622689
168,Customer B,Product 2,2024-05-02 03:42:12.264529058,6,54.40417466640438,326.4250479984263
169,Customer D,Product 2,2024-05-02 21:15:30.661322644,6,16.95526330972872,101.73157985837233
170,Customer C,Product 3,2024-05-03 14:48:49.058116232,4,91.3283779119356,365.3135116477424
171,Customer B,Product 3,2024-05-04 08:22:07.454909820,1,44.531540109666565,44.531540109666565
172,Customer C,Product 1,2024-05-05 01:55:25.851703406,9,52.71119016785152,474.40071151066365
173,Customer B,Product 3,2024-05-05 19:28:44.248496994,2,48.920465451433465,97.84093090286693
174,Customer C,Product 4,2024-05-06 13:02:02.645290580,3,72.94183569231257,218.8255070769377
175,Customer D,Product 1,2024-05-07 06:35:21.042084168,5,73.57606093118824,367.8803046559412
176,Customer D,Product 4,2024-05-08 00:08:39.438877756,4,25.36356935558883,101.45427742235532
177,Customer A,Product 2,2024-05-08 17:41:57.835671342,3,40.77422499434681,122.32267498304043
178,Customer A,Product 4,2024-05-09 11:15:16.232464930,4,73.41577081779272,293.6630832711709
179,Customer A,Product 3,2024-05-10 04:48:34.629258516,7,58.30917015282335,408.16419106976343
180,Customer D,Product 4,2024-05-10 22:21:53.026052104,1,33.84570440136402,33.84570440136402
181,Customer D,Product 2,2024-05-11 15:55:11.422845690,2,80.22620109492495,160.4524021898499
182,Customer A,Product 3,2024-05-12 09:28:29.819639278,2,18.98518388707094,37.97036777414188
183,Customer C,Product 1,2024-05-13 03:01:48.216432866,6,51.55282442666682,309.31694656000093
184,Customer C,Product 1,2024-05-13 20:35:06.613226452,7,71.4740632281613,500.3184425971291
185,Customer D,Product 4,2024-05-14 14:08:25.010020040,2,34.270158872064556,68.54031774412911
186,Customer C,Product 2,2024-05-15 07:41:43.406813626,8,36.0461364579253,288.3690916634024
187,Customer A,Product 3,2024-05-16 01:15:01.803607214,8,16.023183720714652,128.18546976571722
188,Customer A,Product 2,2024-05-16 18:48:20.200400802,6,72.46413877138147,434.7848326282888
189,Customer D,Product 4,2024-05-17 12:21:38.597194388,3,21.776620209452034,65.3298606283561
190,Customer D,Product 4,2024-05-18 05:54:56.993987976,5,44.01950999157351,220.09754995786753
191,Customer B,Product 4,2024-05-18 23:28:15.390781562,3,39.57664909178413,118.72994727535237
192,Customer B,Product 1,2024-05-19 17:01:33.787575150,3,76.04918100201736,228.1475430060521
193,Customer D,Product 3,2024-05-20 10:34:52.184368736,4,69.14270712212507,276.5708284885003
194,Customer A,Product 2,2024-05-21 04:08:10.581162324,4,78.28198498641584,313.12793994566334
195,Customer D,Product 3,2024-05-21 21:41:28.977955912,2,70.42675508685497,140.85351017370994
196,Customer A,Product 3,2024-05-22 15:14:47.374749498,6,15.56953416654251,93.41720499925506
197,Customer A,Product 4,2024-05-23 08:48:05.771543086,3,52.98182727917033,158.945481837511
198,Customer D,Product 4,2024-05-24 02:21:24.168336672,3,85.61681360575254,256.8504408172576
199,Customer D,Product 4,2024-05-24 19:54:42.565130260,2,23.765194854409785,47.53038970881957
200,Customer A,Product 2,2024-05-25 13:28:00.961923848,6,23.872933076752446,143.23759846051468
201,Customer B,Product 3,2024-05-26 07:01:19.358717434,6,12.770278387986174,76.62167032791704
202,Customer A,Product 2,2024-05-27 00:34:37.755511022,6,52.70000201234479,316.20001207406875
203,Customer C,Product 1,2024-05-27 18:07:56.152304608,3,46.28169155715044,138.8450746714513
204,Customer C,Product 1,2024-05-28 11:41:14.549098196,4,73.04166237698524,292.166649507941
205,Customer C,Product 3,2024-05-29 05:14:32.945891784,3,37.66512395427182,112.99537186281546
206,Customer C,Product 2,2024-05-29 22:47:51.342685370,5,96.90324627941412,484.5162313970706
207,Customer B,Product 4,2024-05-30 16:21:09.739478958,4,36.317722052063985,145.27088820825594
208,Customer C,Product 3,2024-05-31 09:54:28.136272544,9,86.9870150147506,782.8831351327553
209,Customer C,Product 2,2024-06-01 03:27:46.533066132,8,17.047192117045306,136.37753693636245
210,Customer A,Product 2,2024-06-01 21:01:04.929859718,8,30.473649439288046,243.78919551430437
211,Customer D,Product 1,2024-06-02 14:34:23.326653306,8,91.21103700941619,729.6882960753295
212,Customer C,Product 4,2024-06-03 08:07:41.723446894,6,64.75426437578687,388.52558625472125
213,Customer A,Product 4,2024-06-04 01:41:00.120240480,4,67.40028239534247,269.6011295813699
214,Customer C,Product 2,2024-06-04 19:14:18.517034068,5,94.0643053964507,470.32152698225354
215,Customer D,Product 2,2024-06-05 12:47:36.913827654,3,95.0452872738252,285.1358618214756
216,Customer D,Product 4,2024-06-06 06:20:55.310621242,4,58.37593099046296,233.50372396185185
217,Customer B,Product 3,2024-06-06 23:54:13.707414830,5,12.911877330338335,64.55938665169168
218,Customer D,Product 3,2024-06-07 17:27:32.104208416,3,69.12288641658185,207.36865924974555
219,Customer A,Product 3,2024-06-08 11:00:50.501002004,7,39.38328166615717,275.68297166310015
220,Customer C,Product 1,2024-06-09 04:34:08.897795590,1,59.30531474801678,59.30531474801678
221,Customer B,Product 3,2024-06-09 22:07:27.294589178,4,48.59108755232999,194.36435020931995
222,Customer C,Product 2,2024-06-10 15:40:45.691382764,6,41.139159352124615,246.8349561127477
223,Customer D,Product 3,2024-06-11 09:14:04.088176352,7,89.46399102110776,626.2479371477543
224,Customer A,Product 1,2024-06-12 02:47:22.484969940,7,28.98785986803886,202.91501907627202
225,Customer A,Product 2,2024-06-12 20:20:40.881763526,3,39.6483286451383,118.9449859354149
226,Customer C,Product 3,2024-06-13 13:53:59.278557114,2,94.92187090694438,189.84374181388876
227,Customer C,Product 2,2024-06-14 07:27:17.675350700,1,66.4684689642482,66.4684689642482
228,Customer B,Product 2,2024-06-15 01:00:36.072144288,9,80.21013242502056,721.891191825185
229,Customer B,Product 3,2024-06-15 18:33:54.468937876,3,95.39804148170197,286.1941244451059
230,Customer D,Product 2,2024-06-16 12:07:12.865731462,9,79.14539195647652,712.3085276082886
231,Customer C,Product 3,2024-06-17 05:40:31.262525050,4,98.8646984050542,395.4587936202168
232,Customer C,Product 2,2024-06-17 23:13:49.659318636,7,92.26950719809491,645.8865503866643
233,Customer C,Product 3,2024-06-18 16:47:08.056112224,6,28.56212105365413,171.3727263219248
234,Customer C,Product 3,2024-06-19 10:20:26.452905812,7,73.6922249921956,515.8455749453692
235,Customer A,Product 1,2024-06-20 03:53:44.849699398,1,52.405842460225195,52.405842460225195
236,Customer C,Product 4,2024-06-20 21:27:03.246492986,8,61.48292906929313,491.863432554345
237,Customer A,Product 2,2024-06-21 15:00:21.643286572,3,50.32267762375859,150.96803287127577
238,Customer C,Product 4,2024-06-22 08:33:40.040080160,9,14.875579107237776,133.88021196513998
239,Customer C,Product 4,2024-06-23 02:06:58.436873746,7,83.78723490809736,586.5106443566815
240,Customer C,Product 3,2024-06-23 19:40:16.833667334,2,22.93078011734377,45.86156023468754
241,Customer A,Product 3,2024-06-24 13:13:35.230460922,8,28.57511280725946,228.60090245807567
242,Customer B,Product 1,2024-06-25 06:46:53.627254508,6,67.30689060392294,403.8413436235376
243,Customer D,Product 4,2024-06-26 00:20:12.024048096,7,22.47973760058194,157.3581632040736
244,Customer C,Product 2,2024-06-26 17:53:30.420841682,5,33.0240355339691,165.12017766984548
245,Customer A,Product 3,2024-06-27 11:26:48.817635270,1,36.17913613391069,36.17913613391069
246,Customer A,Product 3,2024-06-28 05:00:07.214428858,6,82.7064775361215,496.238865216729
247,Customer A,Product 1,2024-06-28 22:33:25.611222444,6,82.71997311325572,496.3198386795343
248,Customer C,Product 3,2024-06-29 16:06:44.008016032,9,38.5429202319968,346.8862820879712
249,Customer C,Product 1,2024-06-30 09:40:02.404809618,2,62.79578758496883,125.59157516993766
250,Customer B,Product 4,2024-07-01 03:13:20.801603206,8,82.12306978445103,656.9845582756083
251,Customer D,Product 4,2024-07-01 20:46:39.198396792,3,91.45279809248052,274.35839427744156
252,Customer C,Product 4,2024-07-02 14:19:57.595190380,7,77.41350342930106,541.8945240051074
253,Customer D,Product 1,2024-07-03 07:53:15.991983968,9,35.16969802749844,316.52728224748597
254,Customer A,Product 3,2024-07-04 01:26:34.388777554,3,55.59663040829906,166.7898912248972
255,Customer C,Product 4,2024-07-04 18:59:52.785571142,3,61.831270300468795,185.4938109014064
256,Customer D,Product 4,2024-07-05 12:33:11.182364728,7,37.13377404930468,259.9364183451327
257,Customer C,Product 3,2024-07-06 06:06:29.579158316,2,83.34841934299511,166.69683868599023
258,Customer B,Product 3,2024-07-06 23:39:47.975951904,3,50.70149316168195,152.10447948504586
259,Customer C,Product 1,2024-07-07 17:13:06.372745490,9,88.21355529313436,793.9219976382093
260,Customer D,Product 3,2024-07-08 10:46:24.769539078,4,42.551246886032395,170.20498754412958
261,Customer C,Product 1,2024-07-09 04:19:43.166332664,5,64.84851403602366,324.24257018011826
262,Customer C,Product 3,2024-07-09 21:53:01.563126252,3,48.67396453430159,146.02189360290475
263,Customer A,Product 1,2024-07-10 15:26:19.959919840,3,54.348125017082744,163.04437505124824
264,Customer A,Product 4,2024-07-11 08:59:38.356713426,7,15.67988021965206,109.75916153756442
265,Customer D,Product 2,2024-07-12 02:32:56.753507014,9,90.91195962049103,818.2076365844193
266,Customer C,Product 4,2024-07-12 20:06:15.150300600,7,27.30953474848172,191.16674323937204
267,Customer A,Product 1,2024-07-13 13:39:33.547094188,7,28.427377001390433,198.99163900973303
268,Customer B,Product 2,2024-07-14 07:12:51.943887774,8,97.4441509708016,779.5532077664128
269,Customer B,Product 4,2024-07-15 00:46:10.340681362,1,49.2422691372613,49.2422691372613
270,Customer D,Product 1,2024-07-15 18:19:28.737474950,5,28.575968028096387,142.87984014048195
271,Customer A,Product 2,2024-07-16 11:52:47.134268536,6,97.33400401942488,584.0040241165493
272,Customer D,Product 4,2024-07-17 05:26:05.531062124,7,39.12906756662754,273.90347296639277
273,Customer D,Product 1,2024-07-17 22:59:23.927855710,9,17.565786957937107,158.09208262143397
274,Customer A,Product 4,2024-07-18 16:32:42.324649298,3,62.192820431258106,186.57846129377432
275,Customer C,Product 4,2024-07-19 10:06:00.721442886,2,69.49555856018,138.99111712036
276,Customer B,Product 4,2024-07-20 03:39:19.118236472,6,94.65654600527091,567.9392760316255
277,Customer B,Product 3,2024-07-20 21:12:37.515030060,7,60.55392273728549,423.87745916099846
278,Customer B,Product 3,2024-07-21 14:45:55.911823646,5,30.882346671019913,154.41173335509956
279,Customer A,Product 4,2024-07-22 08:19:14.308617234,6,85.676006473071,514.056038838426
280,Customer B,Product 4,2024-07-23 01:52:32.705410820,8,42.023376047336995,336.18700837869596
281,Customer D,Product 2,2024-07-23 19:25:51.102204408,3,28.858955513026064,86.5768665390782
282,Customer B,Product 1,2024-07-24 12:59:09.498997996,9,79.85458967075311,718.691307036778
283,Customer D,Product 3,2024-07-25 06:32:27.895791582,4,37.59296360215703,150.3718544086281
284,Customer D,Product 4,2024-07-26 00:05:46.292585170,8,12.945204689948948,103.56163751959159
285,Customer D,Product 3,2024-07-26 17:39:04.689378756,1,35.38658091101205,35.38658091101205
286,Customer D,Product 1,2024-07-27 11:12:23.086172344,3,48.63681280281508,145.91043840844523
287,Customer A,Product 2,2024-07-28 04:45:41.482965932,6,20.604441625620918,123.6266497537255
288,Customer B,Product 2,2024-07-28 22:18:59.879759520,4,79.26232270953804,317.04929083815216
289,Customer B,Product 4,2024-07-29 15:52:18.276553104,8,32.651893251112256,261.21514600889805
290,Customer A,Product 1,2024-07-30 09:25:36.673346692,2,22.197391466985664,44.39478293397133
291,Customer A,Product 2,2024-07-31 02:58:55.070140280,6,24.669049008423208,148.01429405053926
292,Customer D,Product 4,2024-07-31 20:32:13.466933868,1,62.20227860065611,62.20227860065611
293,Customer B,Product 2,2024-08-01 14:05:31.863727456,2,89.72791767720676,179.45583535441352
294,Customer A,Product 2,2024-08-02 07:38:50.260521040,9,17.512656723995256,157.61391051595731
295,Customer C,Product 3,2024-08-03 01:12:08.657314628,3,29.066552319159552,87.19965695747865
296,Customer D,Product 2,2024-08-03 18:45:27.054108216,9,34.018305353217066,306.1647481789536
297,Customer A,Product 1,2024-08-04 12:18:45.450901804,6,45.1357928540622,270.8147571243732
298,Customer A,Product 2,2024-08-05 05:52:03.847695392,9,77.02122997760843,693.1910697984758
299,Customer D,Product 3,2024-08-05 23:25:22.244488976,9,42.42081739035159,381.7873565131643
300,Customer D,Product 4,2024-08-06 16:58:40.641282564,2,24.965189406885322,49.930378813770645
301,Customer C,Product 4,2024-08-07 10:31:59.038076152,2,65.10657179544334,130.2131435908867
302,Customer B,Product 3,2024-08-08 04:05:17.434869740,1,47.19387644549344,47.19387644549344
303,Customer D,Product 1,2024-08-08 21:38:35.831663324,6,56.97234876203728,341.83409257222365
304,Customer B,Product 3,2024-08-09 15:11:54.228456912,4,73.0003063225982,292.0012252903928
305,Customer A,Product 3,2024-08-10 08:45:12.625250500,6,28.62287224046622,171.7372334427973
306,Customer C,Product 4,2024-08-11 02:18:31.022044088,5,53.7789179934483,268.89458996724153
307,Customer B,Product 2,2024-08-11 19:51:49.418837676,4,92.36083212458936,369.44332849835746
308,Customer B,Product 2,2024-08-12 13:25:07.815631260,7,51.8069118612459,362.6483830287213
309,Customer B,Product 2,2024-08-13 06:58:26.212424848,4,51.029560187629315,204.11824075051726
310,Customer D,Product 4,2024-08-14 00:31:44.609218436,3,99.93840902959136,299.81522708877407
311,Customer A,Product 3,2024-08-14 18:05:03.006012024,5,42.78112132506598,213.9056066253299
312,Customer B,Product 4,2024-08-15 11:38:21.402805612,2,55.421966087316704,110.84393217463341
313,Customer A,Product 3,2024-08-16 05:11:39.799599196,6,96.70672416259829,580.2403449755898
314,Customer B,Product 1,2024-08-16 22:44:58.196392784,1,77.30048339708468,77.30048339708468
315,Customer C,Product 1,2024-08-17 16:18:16.593186372,2,27.057524527700846,54.11504905540169
316,Customer A,Product 4,2024-08-18 09:51:34.989979960,7,64.40923401477626,450.86463810343383
317,Customer D,Product 1,2024-08-19 03:24:53.386773548,3,16.519698533827345,49.559095601482035
318,Customer C,Product 2,2024-08-19 20:58:11.783567132,9,26.484886520938137,238.36397868844324
319,Customer D,Product 4,2024-08-20 14:31:30.180360720,7,65.56933943038881,458.98537601272164
320,Customer B,Product 4,2024-08-21 08:04:48.577154308,1,49.442399111794956,49.442399111794956
321,Customer A,Product 2,2024-08-22 01:38:06.973947896,7,35.49418725231524,248.4593107662067
322,Customer A,Product 3,2024-08-22 19:11:25.370741484,1,74.83566061499022,74.83566061499022
323,Customer D,Product 1,2024-08-23 12:44:43.767535068,9,42.70044686244486,384.3040217620038
324,Customer D,Product 2,2024-08-24 06:18:02.164328656,8,65.0705947806499,520.5647582451992
325,Customer B,Product 1,2024-08-24 23:51:20.561122244,6,82.73543517008125,496.4126110204875
326,Customer D,Product 3,2024-08-25 17:24:38.957915832,4,65.24495441808176,260.97981767232704
327,Customer A,Product 2,2024-08-26 10:57:57.354709420,7,17.806406711563376,124.64484698094364
328,Customer D,Product 1,2024-08-27 04:31:15.751503004,9,46.96280314571772,422.6652283114595
329,Customer A,Product 3,2024-08-27 22:04:34.148296592,4,78.82457419159411,315.29829676637644
330,Customer A,Product 3,2024-08-28 15:37:52.545090180,3,64.44621367315214,193.33864101945642
331,Customer D,Product 4,2024-08-29 09:11:10.941883768,3,87.03141127375315,261.0942338212594
332,Customer A,Product 1,2024-08-30 02:44:29.338677352,2,27.02631028417995,54.0526205683599
333,Customer D,Product 1,2024-08-30 20:17:47.735470940,6,48.41839381957071,290.51036291742423
334,Customer D,Product 1,2024-08-31 13:51:06.132264528,4,67.95027811843002,271.8011124737201
335,Customer D,Product 1,2024-09-01 07:24:24.529058116,7,48.59450774894894,340.1615542426426
336,Customer D,Product 1,2024-09-02 00:57:42.925851704,7,19.8639152564726,139.04740679530818
337,Customer A,Product 1,2024-09-02 18:31:01.322645288,4,99.54271224079068,398.1708489631627
338,Customer A,Product 2,2024-09-03 12:04:19.719438876,4,86.76591414552853,347.0636565821141
339,Customer D,Product 4,2024-09-04 05:37:38.116232464,8,70.94177320382585,567.5341856306068
340,Customer A,Product 3,2024-09-04 23:10:56.513026052,6,11.178193120008649,67.06915872005189
341,Customer B,Product 2,2024-09-05 16:44:14.909819640,7,20.490291619960598,143.43204133972418
342,Customer C,Product 3,2024-09-06 10:17:33.306613224,7,90.28617643175545,632.0032350222882
343,Customer A,Product 1,2024-09-07 03:50:51.703406812,7,94.58180293315212,662.0726205320648
344,Customer B,Product 1,2024-09-07 21:24:10.100200400,6,80.92232479491082,485.5339487694649
345,Customer A,Product 2,2024-09-08 14:57:28.496993988,4,84.63872977656818,338.55491910627273
346,Customer B,Product 1,2024-09-09 08:30:46.893787576,2,32.306815402681494,64.61363080536299
347,Customer C,Product 3,2024-09-10 02:04:05.290581160,9,11.938206359035126,107.44385723131613
348,Customer D,Product 1,2024-09-10 19:37:23.687374748,4,45.36932300199119,181.47729200796476
349,Customer D,Product 2,2024-09-11 13:10:42.084168336,6,53.2724295765763,319.6345774594578
350,Customer C,Product 1,2024-09-12 06:44:00.480961924,7,22.758875180341036,159.31212626238727
351,Customer B,Product 2,2024-09-13 00:17:18.877755512,7,88.21624227324432,617.5136959127102
352,Customer A,Product 2,2024-09-13 17:50:37.274549096,4,38.14795405214521,152.59181620858084
353,Customer C,Product 1,2024-09-14 11:23:55.671342684,7,74.18946584089251,519.3262608862476
354,Customer D,Product 1,2024-09-15 04:57:14.068136272,3,41.87776487675195,125.63329463025585
355,Customer B,Product 2,2024-09-15 22:30:32.464929860,3,43.99447775051176,131.9834332515353
356,Customer A,Product 2,2024-09-16 16:03:50.861723448,3,64.89186622400587,194.6755986720176
357,Customer C,Product 4,2024-09-17 09:37:09.258517032,8,38.373453403945696,306.98762723156557
358,Customer C,Product 4,2024-09-18 03:10:27.655310620,7,99.40649844413076,695.8454891089153
359,Customer C,Product 2,2024-09-18 20:43:46.052104208,6,36.111369485154306,216.66821691092582
360,Customer A,Product 3,2024-09-19 14:17:04.448897796,6,17.467649015252398,104.80589409151439
361,Customer A,Product 1,2024-09-20 07:50:22.845691380,9,67.59142230334314,608.3228007300883
362,Customer C,Product 3,2024-09-21 01:23:41.242484968,5,63.43060246608393,317.15301233041964
363,Customer A,Product 2,2024-09-21 18:56:59.639278556,7,58.80650636181023,411.6455445326716
364,Customer A,Product 2,2024-09-22 12:30:18.036072144,9,21.785714341182015,196.07142907063815
365,Customer A,Product 3,2024-09-23 06:03:36.432865732,3,96.80599726206438,290.41799178619317
366,Customer D,Product 1,2024-09-23 23:36:54.829659316,2,21.894610910780155,43.78922182156031
367,Customer D,Product 1,2024-09-24 17:10:13.226452904,7,12.411735205331901,86.88214643732331
368,Customer C,Product 3,2024-09-25 10:43:31.623246492,6,64.55252179663765,387.3151307798259
369,Customer D,Product 3,2024-09-26 04:16:50.020040080,8,20.635460701601907,165.08368561281526
370,Customer D,Product 4,2024-09-26 21:50:08.416833668,4,62.87864218017388,251.5145687206955
371,Customer D,Product 4,2024-09-27 15:23:26.813627252,8,10.978667512956651,87.82934010365321
372,Customer C,Product 3,2024-09-28 08:56:45.210420840,9,34.85071031630687,313.65639284676183
373,Customer A,Product 3,2024-09-29 02:30:03.607214428,6,51.737346587657846,310.4240795259471
374,Customer C,Product 4,2024-09-29 20:03:22.004008016,1,37.68040901519028,37.68040901519028
375,Customer C,Product 3,2024-09-30 13:36:40.400801604,1,24.144147633182875,24.144147633182875
376,Customer B,Product 1,2024-10-01 07:09:58.797595188,4,52.20974367665255,208.8389747066102
377,Customer D,Product 1,2024-10-02 00:43:17.194388776,2,35.27162273378977,70.54324546757954
378,Customer A,Product 3,2024-10-02 18:16:35.591182364,4,16.108024307732983,64.43209723093193
379,Customer A,Product 4,2024-10-03 11:49:53.987975952,3,97.1169082984901,291.3507248954703
380,Customer B,Product 2,2024-10-04 05:23:12.384769540,5,66.62107557329745,333.10537786648723
381,Customer B,Product 3,2024-10-04 22:56:30.781563124,9,95.44132368106405,858.9719131295765
382,Customer C,Product 1,2024-10-05 16:29:49.178356712,4,16.122704290850738,64.49081716340295
383,Customer D,Product 3,2024-10-06 10:03:07.575150300,4,81.72676826824879,326.90707307299516
384,Customer B,Product 1,2024-10-07 03:36:25.971943888,8,63.08130420692572,504.6504336554058
385,Customer B,Product 2,2024-10-07 21:09:44.368737472,5,13.065183557627204,65.32591778813602
386,Customer D,Product 1,2024-10-08 14:43:02.765531060,1,86.75433112380807,86.75433112380807
387,Customer B,Product 4,2024-10-09 08:16:21.162324648,4,57.72756086336436,230.91024345345744
388,Customer C,Product 1,2024-10-10 01:49:39.559118236,6,31.47140119273039,188.82840715638235
389,Customer B,Product 3,2024-10-10 19:22:57.955911824,2,82.05108803052134,164.10217606104268
390,Customer B,Product 1,2024-10-11 12:56:16.352705408,8,38.446964424699104,307.57571539759283
391,Customer C,Product 2,2024-10-12 06:29:34.749498996,2,48.82205296200731,97.64410592401462
392,Customer B,Product 4,2024-10-13 00:02:53.146292584,3,47.83617557820122,143.50852673460366
393,Customer B,Product 1,2024-10-13 17:36:11.543086172,1,55.60417546089514,55.60417546089514
394,Customer B,Product 1,2024-10-14 11:09:29.939879760,6,95.70631653748416,574.2378992249049
395,Customer C,Product 4,2024-10-15 04:42:48.336673344,9,38.45333183283809,346.0799864955428
396,Customer D,Product 2,2024-10-15 22:16:06.733466932,8,18.963049935660713,151.7043994852857
397,Customer B,Product 4,2024-10-16 15:49:25.130260520,2,14.968421661837429,29.936843323674857
398,Customer D,Product 3,2024-10-17 09:22:43.527054108,2,85.87207599977941,171.74415199955882
399,Customer A,Product 1,2024-10-18 02:56:01.923847696,1,64.5678176073207,64.5678176073207
400,Customer D,Product 1,2024-10-18 20:29:20.320641280,3,27.04414316011708,81.13242948035125
401,Customer B,Product 3,2024-10-19 14:02:38.717434868,6,37.60494573727096,225.62967442362577
402,Customer C,Product 1,2024-10-20 07:35:57.114228456,3,69.57120255083352,208.71360765250057
403,Customer B,Product 4,2024-10-21 01:09:15.511022044,3,52.66493068469147,157.99479205407442
404,Customer B,Product 2,2024-10-21 18:42:33.907815632,1,72.16109158492401,72.16109158492401
405,Customer B,Product 2,2024-10-22 12:15:52.304609216,5,11.313085944386227,56.56542972193114
406,Customer C,Product 2,2024-10-23 05:49:10.701402804,2,57.007976695593484,114.01595339118697
407,Customer B,Product 3,2024-10-23 23:22:29.098196392,3,46.08676018497794,138.26028055493381
408,Customer A,Product 1,2024-10-24 16:55:47.494989980,6,83.68931970881037,502.1359182528622
409,Customer C,Product 2,2024-10-25 10:29:05.891783568,8,47.91465308594575,383.317224687566
410,Customer B,Product 1,2024-10-26 04:02:24.288577152,8,95.8953296320458,767.1626370563664
411,Customer A,Product 2,2024-10-26 21:35:42.685370740,1,54.26239861178768,54.26239861178768
412,Customer C,Product 1,2024-10-27 15:09:01.082164328,6,71.13703268737584,426.822196124255
413,Customer A,Product 3,2024-10-28 08:42:19.478957916,8,59.32042560228289,474.5634048182631
414,Customer A,Product 2,2024-10-29 02:15:37.875751500,1,28.01424065177173,28.01424065177173
415,Customer B,Product 2,2024-10-29 19:48:56.272545088,5,45.75143253324255,228.75716266621276
416,Customer C,Product 1,2024-10-30 13:22:14.669338676,1,35.73399443574348,35.73399443574348
417,Customer D,Product 2,2024-10-31 06:55:33.066132264,8,26.959656157253313,215.6772492580265
418,Customer A,Product 4,2024-11-01 00:28:51.462925852,5,81.7079297926632,408.539648963316
419,Customer D,Product 1,2024-11-01 18:02:09.859719436,4,26.674461010938867,106.69784404375547
420,Customer B,Product 3,2024-11-02 11:35:28.256513024,6,10.61339489871325,63.680369392279495
421,Customer C,Product 2,2024-11-03 05:08:46.653306612,7,34.999159015948095,244.99411311163666
422,Customer B,Product 1,2024-11-03 22:42:05.050100200,2,52.67740571026051,105.35481142052102
423,Customer D,Product 4,2024-11-04 16:15:23.446893788,2,99.78204982959996,199.5640996591999
424,Customer A,Product 3,2024-11-05 09:48:41.843687372,2,23.78906469538094,47.57812939076188
425,Customer B,Product 4,2024-11-06 03:22:00.240480960,4,31.373616982685352,125.49446793074141
426,Customer D,Product 1,2024-11-06 20:55:18.637274548,2,11.218631684665421,22.437263369330843
427,Customer C,Product 1,2024-11-07 14:28:37.034068136,8,28.557710278231248,228.46168222584998
428,Customer B,Product 1,2024-11-08 08:01:55.430861724,8,97.79886488854598,782.3909191083678
429,Customer D,Product 2,2024-11-09 01:35:13.827655308,5,82.94455627075293,414.7227813537646
430,Customer B,Product 4,2024-11-09 19:08:32.224448896,8,67.63051021620095,541.0440817296076
431,Customer A,Product 2,2024-11-10 12:41:50.621242484,1,88.46371488735277,88.46371488735277
432,Customer B,Product 4,2024-11-11 06:15:09.018036072,8,15.5543474365561,124.4347794924488
433,Customer B,Product 1,2024-11-11 23:48:27.414829660,8,39.78544790554899,318.28358324439193
434,Customer C,Product 3,2024-11-12 17:21:45.811623244,5,11.606206119350677,58.03103059675338
435,Customer A,Product 1,2024-11-13 10:55:04.208416832,2,97.40286909869411,194.80573819738822
436,Customer B,Product 3,2024-11-14 04:28:22.605210420,5,55.49420018593388,277.4710009296694
437,Customer A,Product 2,2024-11-14 22:01:41.002004008,1,16.334252968750626,16.334252968750626
438,Customer D,Product 4,2024-11-15 15:34:59.398797596,6,66.64706799891826,399.88240799350956
439,Customer B,Product 2,2024-11-16 09:08:17.795591180,2,90.70039646891934,181.40079293783867
440,Customer D,Product 4,2024-11-17 02:41:36.192384768,2,64.29081512588374,128.58163025176748
441,Customer A,Product 3,2024-11-17 20:14:54.589178356,1,30.725420886299453,30.725420886299453
442,Customer B,Product 4,2024-11-18 13:48:12.985971944,4,59.635723138640095,238.54289255456038
443,Customer D,Product 2,2024-11-19 07:21:31.382765528,9,74.00279023781205,666.0251121403085
444,Customer B,Product 4,2024-11-20 00:54:49.779559116,9,90.0670644938889,810.6035804450001
445,Customer D,Product 2,2024-11-20 18:28:08.176352704,4,29.143494483575555,116.57397793430222
446,Customer D,Product 3,2024-11-21 12:01:26.573146292,9,79.96429110445673,719.6786199401106
447,Customer D,Product 4,2024-11-22 05:34:44.969939880,5,98.94702537315608,494.7351268657804
448,Customer B,Product 4,2024-11-22 23:08:03.366733464,5,81.26944323123247,406.34721615616235
449,Customer A,Product 3,2024-11-23 16:41:21.763527052,8,76.73397578419689,613.8718062735751
450,Customer B,Product 4,2024-11-24 10:14:40.160320640,7,96.65260935161298,676.5682654612908
451,Customer A,Product 2,2024-11-25 03:47:58.557114228,3,52.26756979274031,156.80270937822092
452,Customer C,Product 1,2024-11-25 21:21:16.953907816,4,29.254576613872686,117.01830645549074
453,Customer C,Product 4,2024-11-26 14:54:35.350701400,3,50.95737018516025,152.87211055548076
454,Customer B,Product 1,2024-11-27 08:27:53.747494988,9,14.419925368451999,129.779328316068
455,Customer C,Product 4,2024-11-28 02:01:12.144288576,6,50.14455244320302,300.8673146592181
456,Customer A,Product 3,2024-11-28 19:34:30.541082164,7,26.520228790339647,185.64160153237754
457,Customer D,Product 4,2024-11-29 13:07:48.937875752,2,63.75644477247754,127.51288954495509
458,Customer C,Product 1,2024-11-30 06:41:07.334669336,8,80.38301753777337,643.064140302187
459,Customer D,Product 3,2024-12-01 00:14:25.731462924,9,82.74047640182866,744.664287616458
460,Customer B,Product 3,2024-12-01 17:47:44.128256512,4,85.01928361423853,340.0771344569541
461,Customer D,Product 2,2024-12-02 11:21:02.525050100,7,87.36297533606962,611.5408273524873
462,Customer A,Product 1,2024-12-03 04:54:20.921843688,3,49.640274486786886,148.92082346036065
463,Customer D,Product 4,2024-12-03 22:27:39.318637272,1,48.96974492890215,48.96974492890215
464,Customer C,Product 2,2024-12-04 16:00:57.715430860,1,12.097201834135824,12.097201834135824
465,Customer A,Product 1,2024-12-05 09:34:16.112224448,3,68.29653606403008,204.88960819209024
466,Customer D,Product 1,2024-12-06 03:07:34.509018036,9,94.97203761945009,854.7483385750509
467,Customer A,Product 3,2024-12-06 20:40:52.905811624,6,55.944585354345726,335.66751212607437
468,Customer A,Product 3,2024-12-07 14:14:11.302605208,4,80.93686822301976,323.74747289207903
469,Customer B,Product 3,2024-12-08 07:47:29.699398796,7,42.43916492753758,297.07415449276306
470,Customer D,Product 2,2024-12-09 01:20:48.096192384,3,79.2956211377871,237.88686341336128
471,Customer A,Product 4,2024-12-09 18:54:06.492985972,8,52.66127555842402,421.2902044673922
472,Customer D,Product 2,2024-12-10 12:27:24.889779556,6,11.36318145370262,68.17908872221571
473,Customer A,Product 2,2024-12-11 06:00:43.286573144,1,25.326918282485195,25.326918282485195
474,Customer B,Product 3,2024-12-11 23:34:01.683366732,9,94.86711281160181,853.8040153044163
475,Customer D,Product 3,2024-12-12 17:07:20.080160320,5,27.21313666901866,136.0656833450933
476,Customer A,Product 2,2024-12-13 10:40:38.476953908,6,76.9801883717429,461.8811302304574
477,Customer D,Product 1,2024-12-14 04:13:56.873747492,4,76.61728434502771,306.46913738011085
478,Customer C,Product 4,2024-12-14 21:47:15.270541080,4,61.836936662003296,247.34774664801319
479,Customer D,Product 4,2024-12-15 15:20:33.667334668,6,36.35084912322175,218.1050947393305
480,Customer C,Product 2,2024-12-16 08:53:52.064128256,6,87.30495324713908,523.8297194828344
481,Customer B,Product 1,2024-12-17 02:27:10.460921844,3,41.56622237056458,124.69866711169374
482,Customer A,Product 1,2024-12-17 20:00:28.857715428,7,25.217287503299687,176.5210125230978
483,Customer B,Product 4,2024-12-18 13:33:47.254509016,3,86.09456042622861,258.28368127868583
484,Customer A,Product 3,2024-12-19 07:07:05.651302604,2,15.513303988215295,31.02660797643059
485,Customer A,Product 4,2024-12-20 00:40:24.048096192,7,14.12342308832103,98.8639616182472
486,Customer D,Product 3,2024-12-20 18:13:42.444889780,4,69.51166419044127,278.04665676176506
487,Customer A,Product 4,2024-12-21 11:47:00.841683364,5,36.669800841778056,183.34900420889028
488,Customer C,Product 3,2024-12-22 05:20:19.238476952,2,83.29411271800441,166.58822543600883
489,Customer B,Product 1,2024-12-22 22:53:37.635270540,3,21.272912059575727,63.81873617872718
490,Customer A,Product 1,2024-12-23 16:26:56.032064128,7,90.43880939949406,633.0716657964584
491,Customer D,Product 3,2024-12-24 10:00:14.428857716,6,32.90304886516439,197.41829319098636
492,Customer A,Product 3,2024-12-25 03:33:32.825651300,4,90.61136526867446,362.44546107469785
493,Customer B,Product 2,2024-12-25 21:06:51.222444888,8,83.11696461794801,664.9357169435841
494,Customer A,Product 4,2024-12-26 14:40:09.619238476,4,49.67470674398049,198.69882697592195
495,Customer A,Product 3,2024-12-27 08:13:28.016032064,1,63.111471748907924,63.111471748907924
496,Customer D,Product 1,2024-12-28 01:46:46.412825652,1,99.09338630698917,99.09338630698917
497,Customer B,Product 4,2024-12-28 19:20:04.809619236,2,29.55600544288563,59.11201088577126
498,Customer C,Product 3,2024-12-29 12:53:23.206412824,7,88.16230891827689,617.1361624279382
499,Customer C,Product 4,2024-12-30 06:26:41.603206412,8,70.19819863465045,561.5855890772036
500,Customer B,Product 1,2024-12-31 00:00:00.000000000,4,37.16627275839591,148.66509103358365
